X (mm),Y (mm),Z (mm),Roll (deg),Pitch (deg),Yaw (deg)
7.826888838228995,48.16853823850209,-6.267052460890037,-12.755593053846397,8.753252123415855,-10.647323654308934
