X (mm),Y (mm),Z (mm),Roll (deg),Pitch (deg),Yaw (deg)
-0.8748133618909406,2.451763138783318,1.3448878174488006,-0.7461007381247668,-0.8453517456404782,-1.151254549962836
