X (mm),Y (mm),Z (mm),Roll (deg),Pitch (deg),Yaw (deg)
-2.303016746066744,0.9001883937277373,-1.9928763085581476,-3.304946369670006,2.4644204293652123,-2.8091804028853318
