X (mm),Y (mm),Z (mm),Roll (deg),Pitch (deg),Yaw (deg)
-0.8070220383570862,1.8398570449104914,0.7489104476370055,-0.3653248292545612,-0.25723757261907565,-0.1443229239117656
