X (mm),Y (mm),Z (mm),Roll (deg),Pitch (deg),Yaw (deg)
0.2495509046866351,3.0422460435788077,0.6927715452943227,-1.5683461988424057,-0.07388757884066166,-1.7318108414729139
