X (mm),Y (mm),Z (mm),Roll (deg),Pitch (deg),Yaw (deg)
-1.7639078735019547,0.6635536284202641,-0.15082930753075274,-0.8141948556790055,0.6352905426304147,-1.1256581005792299
