X (mm),Y (mm),Z (mm),Roll (deg),Pitch (deg),Yaw (deg)
1.3822517157838246,4.316749814841824,0.12638561564986373,-4.376730154183619,-0.6337246967167474,-3.1918727824456354
