X (mm),Y (mm),Z (mm),Roll (deg),Pitch (deg),Yaw (deg)
-0.7063737250806497,2.1315557494152193,1.2367810240654304,-0.3442028697040769,-0.37610753674256614,-0.3475658793404861
