X (mm),Y (mm),Z (mm),Roll (deg),Pitch (deg),Yaw (deg)
-2.620974281970875,-0.6779778713110476,-0.37450193358356243,-2.3304741177876025,1.9323712918348193,-2.829288539076586
