X (mm),Y (mm),Z (mm),Roll (deg),Pitch (deg),Yaw (deg)
-2.9904745693533705,-1.357915344033649,-0.7134717763123972,-2.055189421523437,2.070454714810303,-2.7362693735371835
