X (mm),Y (mm),Z (mm),Roll (deg),Pitch (deg),Yaw (deg)
7.833493924574394,24.75973121694599,5.690561047171779,-10.513451770508922,0.37451177545344194,-5.438318018795364
