X (mm),Y (mm),Z (mm),Roll (deg),Pitch (deg),Yaw (deg)
-0.6733427178671946,0.8100023176517368,0.5622505203035247,-0.5796593627782585,0.6616950782603865,-0.6748493689100954
