X (mm),Y (mm),Z (mm),Roll (deg),Pitch (deg),Yaw (deg)
-0.7674885694708871,1.475762042258803,0.9589839354271403,-1.4343615122471647,0.5854616335965446,-1.4091153658314681
