X (mm),Y (mm),Z (mm),Roll (deg),Pitch (deg),Yaw (deg)
8.365347802851565,39.618250410237984,-1.5563691344493062,-12.642517766022081,7.2297055888801935,-9.237007466213193
