X (mm),Y (mm),Z (mm),Roll (deg),Pitch (deg),Yaw (deg)
2.109191515533534,6.157415373298876,3.417312003340532,-7.131090298769863,3.9838172984215205,-5.964456649458668
