X (mm),Y (mm),Z (mm),Roll (deg),Pitch (deg),Yaw (deg)
-0.3633079801469114,1.9338640575100818,0.8854769313652675,0.1998761134354936,0.12053374628904834,-0.36712372548260674
