X (mm),Y (mm),Z (mm),Roll (deg),Pitch (deg),Yaw (deg)
-0.6809458330051338,1.2639270937937641,1.0826203384378994,-0.6768450492327673,0.13271860071514396,-1.347578947341347
