X (mm),Y (mm),Z (mm),Roll (deg),Pitch (deg),Yaw (deg)
0.5732140310957392,4.0331609258526955,1.4817264017736638,-2.1876309647579575,0.5456208816581736,-1.8078150723680437
