X (mm),Y (mm),Z (mm),Roll (deg),Pitch (deg),Yaw (deg)
-1.2360171187139102,0.8735620647815043,0.35903360271478163,-0.018359451959938156,-0.6161306259634074,-0.694706785821559
