X (mm),Y (mm),Z (mm),Roll (deg),Pitch (deg),Yaw (deg)
0.3705927479820086,2.892602994814086,1.3671032448420513,-1.7347068809275612,0.6796384006778453,-1.5563612461557241
