X (mm),Y (mm),Z (mm),Roll (deg),Pitch (deg),Yaw (deg)
2.760621387147447,4.876410471364831,4.7384642100896075,-3.5849690895048383,-0.8515826258522807,-4.543468386831307
