X (mm),Y (mm),Z (mm),Roll (deg),Pitch (deg),Yaw (deg)
-1.1907963726279525,0.0020331284588459564,-0.30832234067450903,0.20833373442023628,0.23349949039513973,-0.10218376093284576
