X (mm),Y (mm),Z (mm),Roll (deg),Pitch (deg),Yaw (deg)
0.5308963540463125,4.3471863474338015,0.94222427632186,-4.484764898621663,3.5350481055899365,-3.524354194594416
