X (mm),Y (mm),Z (mm),Roll (deg),Pitch (deg),Yaw (deg)
0.6821388391231991,3.9003047425021533,1.3399679509453901,-1.4955310263599841,-0.06195512015499105,-1.5975542356027503
