X (mm),Y (mm),Z (mm),Roll (deg),Pitch (deg),Yaw (deg)
8.586731863712032,36.834978882255,-0.6409980864275946,-12.668018462691208,6.997510858350964,-8.081933314424056
