X (mm),Y (mm),Z (mm),Roll (deg),Pitch (deg),Yaw (deg)
5.760748657669492,54.244181788327126,-8.837821453644606,-15.796270505958958,9.848696713232272,-14.241447226211328
