X (mm),Y (mm),Z (mm),Roll (deg),Pitch (deg),Yaw (deg)
3.0284394746911865,7.11106991240218,2.4554732961314913,-5.568123532884982,-1.9293045336819006,-3.792983284001977
