X (mm),Y (mm),Z (mm),Roll (deg),Pitch (deg),Yaw (deg)
1.9810228429229333,7.541047645241715,3.678545301334596,-5.6833197275801695,-0.23288017207448064,-4.818552949589289
