X (mm),Y (mm),Z (mm),Roll (deg),Pitch (deg),Yaw (deg)
-11.072683423367147,73.4739310994356,-21.275126208201307,-19.900838763208156,12.357405869506948,-25.348685584720997
