X (mm),Y (mm),Z (mm),Roll (deg),Pitch (deg),Yaw (deg)
-2.507919413011498,-0.35817086236443396,-0.3488867472553733,-2.826479021617203,1.6433386743271754,-3.3294117518519784
