X (mm),Y (mm),Z (mm),Roll (deg),Pitch (deg),Yaw (deg)
-1.3195941370133388,1.235012734451347,0.16350975415840935,0.42289755329223055,0.41849266855864187,0.44394786749985116
