X (mm),Y (mm),Z (mm),Roll (deg),Pitch (deg),Yaw (deg)
-1.0018152935751863,0.41346757139892576,-0.17321698147165498,0.4864820853299108,0.40696161826248556,0.33270319269251303
