X (mm),Y (mm),Z (mm),Roll (deg),Pitch (deg),Yaw (deg)
-0.593483180763757,1.9592409878684633,0.7696535257405713,-0.15112366880076422,0.2530016425018431,-0.40497280633388755
