X (mm),Y (mm),Z (mm),Roll (deg),Pitch (deg),Yaw (deg)
-3.3654292651846385,-1.9655752638634711,-0.6991676212730709,-0.908356669667441,2.5931289627689225,-2.289630159092667
