X (mm),Y (mm),Z (mm),Roll (deg),Pitch (deg),Yaw (deg)
-1.826799186798976,1.2870483070797858,0.5814532533742602,-0.9010866318857609,0.4677815590627006,-1.2184551265639882
