X (mm),Y (mm),Z (mm),Roll (deg),Pitch (deg),Yaw (deg)
-4.612398338341196,63.85777870078569,-13.485498925837,-18.579656292930522,8.734087470758702,-22.15524252944269
