X (mm),Y (mm),Z (mm),Roll (deg),Pitch (deg),Yaw (deg)
-1.5238203252084404,1.2163116199126904,0.11291393131468641,0.20888202013591695,0.2790985052472337,0.0007507302849916186
