X (mm),Y (mm),Z (mm),Roll (deg),Pitch (deg),Yaw (deg)
-0.6097068863742694,1.7167844425631729,0.05260479945207308,0.12116648255179996,0.23604805467956425,-0.28555873908409524
