X (mm),Y (mm),Z (mm),Roll (deg),Pitch (deg),Yaw (deg)
1.5381866767167447,4.861668326540574,1.4080113950940576,-6.074392496431045,0.9648201921063588,-3.8432138897800456
