X (mm),Y (mm),Z (mm),Roll (deg),Pitch (deg),Yaw (deg)
0.32587780706796377,2.0384737649438405,1.192683603775384,-0.012515907885685351,0.22662153829071485,-0.6307999635991024
