X (mm),Y (mm),Z (mm),Roll (deg),Pitch (deg),Yaw (deg)
0.37132918252941227,1.7674537414786706,2.295098093349968,-1.4328119856697583,0.3820634351459802,-1.480904811804706
