X (mm),Y (mm),Z (mm),Roll (deg),Pitch (deg),Yaw (deg)
-0.5514631208253885,0.8423306938018505,0.12148090906715658,-0.860161280989999,0.08488424870081701,-1.5078283619975679
