X (mm),Y (mm),Z (mm),Roll (deg),Pitch (deg),Yaw (deg)
7.5037515642348405,30.62787091262382,1.9238892434905224,-10.87091396193216,3.2534111586265553,-6.4135060414953955
