X (mm),Y (mm),Z (mm),Roll (deg),Pitch (deg),Yaw (deg)
-2.017110075302309,0.8077299726873122,-0.10841878643144998,-2.4031647969456884,1.2156919816906608,-2.8864222587225825
