X (mm),Y (mm),Z (mm),Roll (deg),Pitch (deg),Yaw (deg)
-0.03473487321717239,-1.893816598177909,2.5539266659541813,-0.7113327598841295,2.7898111294964494,-2.7763385409649857
