X (mm),Y (mm),Z (mm),Roll (deg),Pitch (deg),Yaw (deg)
0.24152839668507187,1.287415155014776,0.5745070386087353,0.4853040715901358,0.17560264071592968,-0.2519170529869186
