X (mm),Y (mm),Z (mm),Roll (deg),Pitch (deg),Yaw (deg)
-1.0220299731460363,1.6740173993470941,-2.355878738748358,-4.368630988940879,0.973537699324055,-3.268194509684079
