X (mm),Y (mm),Z (mm),Roll (deg),Pitch (deg),Yaw (deg)
-0.4653966240662133,1.649268017482591,0.17573869257477465,-1.4868564205547443,0.32466356732374635,-1.8710591024765435
