X (mm),Y (mm),Z (mm),Roll (deg),Pitch (deg),Yaw (deg)
-1.4256521309646284,1.15237751877574,0.0672985128328023,0.2885223739352796,0.24561388877406642,0.19114037019394203
