X (mm),Y (mm),Z (mm),Roll (deg),Pitch (deg),Yaw (deg)
-3.161522742618355,-1.762341428410754,-0.10434362409816234,-1.1218685986731174,2.6274918785189527,-2.5091647904607157
