X (mm),Y (mm),Z (mm),Roll (deg),Pitch (deg),Yaw (deg)
5.121012862864049,12.113239061581451,5.269329330294944,-10.648004370100438,2.8007452811839215,-6.878700414801159
