X (mm),Y (mm),Z (mm),Roll (deg),Pitch (deg),Yaw (deg)
-9.155551562930565,68.65959609313315,-17.11448854536758,-18.890348957674505,10.695958793627,-23.85788244312012
