X (mm),Y (mm),Z (mm),Roll (deg),Pitch (deg),Yaw (deg)
-0.6884134840476538,2.48762908522969,1.2463055695520222,-0.5249728855918221,-0.5133484253732306,-0.5497198609104146
