X (mm),Y (mm),Z (mm),Roll (deg),Pitch (deg),Yaw (deg)
0.5101650995913762,0.9717390450117626,1.6868768345200014,-0.8618313362573673,0.45897628747071195,-0.3733845227635868
