X (mm),Y (mm),Z (mm),Roll (deg),Pitch (deg),Yaw (deg)
-0.29132081993835013,0.5750645892098257,1.8940452815898008,-0.9074829639934023,0.2607273401247383,-0.9342015769949015
