X (mm),Y (mm),Z (mm),Roll (deg),Pitch (deg),Yaw (deg)
-1.3354664721388243,0.6410816096899615,0.03496442007159162,-0.7682460935967583,0.6649241375659045,-0.9961769793924873
