X (mm),Y (mm),Z (mm),Roll (deg),Pitch (deg),Yaw (deg)
6.994773821171955,19.36514016614663,7.848310651545537,-9.733112146250363,0.31479826990766924,-4.60439510426329
