X Change (mm),Y Change (mm),Z Change (mm),Roll Change (deg),Pitch Change (deg),Yaw Change (deg)
0.5224476145715572,0.9014234664148622,0.42582261642124997,-0.20921497922108756,-0.06189445417780348,-0.16846883022418524
