X Change (mm),Y Change (mm),Z Change (mm),Roll Change (deg),Pitch Change (deg),Yaw Change (deg)
0.1514421330712845,-0.25569262994898,-0.21025019266551936,0.5310200567225962,0.13736142389900152,0.49835562182006754
