X Change (mm),Y Change (mm),Z Change (mm),Roll Change (deg),Pitch Change (deg),Yaw Change (deg)
0.33909545627802334,-0.4314023135660616,-0.15100843578565298,-0.1419021103350815,0.2229478252917403,-0.04960068110131033
