X Change (mm),Y Change (mm),Z Change (mm),Roll Change (deg),Pitch Change (deg),Yaw Change (deg)
-1.572921549933917,-6.755484924718483,1.1459152708601237,5.363059736546916,1.8249909373900906,1.06687534881506
