X Change (mm),Y Change (mm),Z Change (mm),Roll Change (deg),Pitch Change (deg),Yaw Change (deg)
-3.011821347330515,-5.9558236882825755,-1.852017326954412,3.516914071330575,1.183072017237599,0.9142437653424906
