X Change (mm),Y Change (mm),Z Change (mm),Roll Change (deg),Pitch Change (deg),Yaw Change (deg)
-0.08800599438976153,-2.193281601689108,-1.4315169369953087,0.43475932775524484,0.5471630636423797,0.5072995299024328
