X Change (mm),Y Change (mm),Z Change (mm),Roll Change (deg),Pitch Change (deg),Yaw Change (deg)
1.5146088823936779,1.333472831203049,1.243590894369212,-0.4049393085083892,-0.7937135278638507,-0.33967495549945426
