X Change (mm),Y Change (mm),Z Change (mm),Roll Change (deg),Pitch Change (deg),Yaw Change (deg)
0.6891857872148752,0.10460970743375864,0.30720667241011657,-0.21239202132117896,0.10608779200166651,-0.26367623811649565
