X Change (mm),Y Change (mm),Z Change (mm),Roll Change (deg),Pitch Change (deg),Yaw Change (deg)
0.06897611737591502,0.04530018021341631,0.5198498227032017,-0.12645008234298416,-0.1277493407619943,0.013491963083076541
