X Change (mm),Y Change (mm),Z Change (mm),Roll Change (deg),Pitch Change (deg),Yaw Change (deg)
1.3526449373065281,0.4232277205588928,0.2025924119878475,0.19297192860878454,-0.01868007609920852,0.7425686848792736
