X Change (mm),Y Change (mm),Z Change (mm),Roll Change (deg),Pitch Change (deg),Yaw Change (deg)
-0.20262128311373062,-1.1405579310386096,-0.11462315693161251,0.4529240838303963,0.13401751901967174,0.2514538262123196
