X Change (mm),Y Change (mm),Z Change (mm),Roll Change (deg),Pitch Change (deg),Yaw Change (deg)
-0.7080908997183899,-0.823372920978521,0.930459502547647,0.25169449401400357,-0.4012739609964342,0.5520741284946382
