X Change (mm),Y Change (mm),Z Change (mm),Roll Change (deg),Pitch Change (deg),Yaw Change (deg)
9.368010496305649,-6.459944698862607,3.165548511354931,4.649348630736995,2.010485875655526,6.528985332569711
