X Change (mm),Y Change (mm),Z Change (mm),Roll Change (deg),Pitch Change (deg),Yaw Change (deg)
-0.12948271217974527,0.42159639999191356,0.9611394293707428,0.18331623175723166,0.04783435201432695,0.16024941465622078
