X Change (mm),Y Change (mm),Z Change (mm),Roll Change (deg),Pitch Change (deg),Yaw Change (deg)
0.5612120403883301,0.30314486120538753,0.3187854576149924,0.01886711936509755,0.009332253708748794,0.033895953703250825
