X Change (mm),Y Change (mm),Z Change (mm),Roll Change (deg),Pitch Change (deg),Yaw Change (deg)
1.0221937324993169,-2.592209216810918,1.304098069712809,1.0876511039278398,-0.7960261076159796,0.6812541563279098
