X Change (mm),Y Change (mm),Z Change (mm),Roll Change (deg),Pitch Change (deg),Yaw Change (deg)
0.04388515249666636,-0.33513128406411075,-0.1828490188331624,-0.2060292147102416,0.06886414850399802,-0.19149038258905193
