X Change (mm),Y Change (mm),Z Change (mm),Roll Change (deg),Pitch Change (deg),Yaw Change (deg)
0.4240414295823965,-1.073323447280319,-0.41505299301819015,0.7132561542998843,-0.03457440117666266,0.38541398760212786
