X Change (mm),Y Change (mm),Z Change (mm),Roll Change (deg),Pitch Change (deg),Yaw Change (deg)
0.6772899430675283,-0.16919324859600093,-0.47585707399616256,-0.013088809771204524,0.03300582238367156,0.016903740443758863
