X Change (mm),Y Change (mm),Z Change (mm),Roll Change (deg),Pitch Change (deg),Yaw Change (deg)
-0.9776902414752602,0.18443219927092924,-0.21689656702717386,-1.3398046804647805,-0.5039941718594108,-1.1892078993237902
