X Change (mm),Y Change (mm),Z Change (mm),Roll Change (deg),Pitch Change (deg),Yaw Change (deg)
-0.10064831327643653,-0.2916987045047279,-0.4878705764284249,-0.021121959550484348,0.11886996412349049,0.2032429554287205
