X Change (mm),Y Change (mm),Z Change (mm),Roll Change (deg),Pitch Change (deg),Yaw Change (deg)
0.7883080607440691,-1.737869942853056,1.125505055350116,-0.6071835102133605,-0.36732695152534944,-0.4535431345703955
