X Change (mm),Y Change (mm),Z Change (mm),Roll Change (deg),Pitch Change (deg),Yaw Change (deg)
-0.3692835312329734,-3.302660968711386,1.1036837776270758,0.20756303121187614,0.1568891091369764,-0.08957724812427159
