X Change (mm),Y Change (mm),Z Change (mm),Roll Change (deg),Pitch Change (deg),Yaw Change (deg)
0.6621237542716297,0.16892070796177527,0.5272861002319331,0.18858673081849986,-0.0032290593055179784,0.3213276104823919
