X Change (mm),Y Change (mm),Z Change (mm),Roll Change (deg),Pitch Change (deg),Yaw Change (deg)
0.18639987784328682,0.0358659464463722,-0.09858224789677839,0.22112785253294476,0.33200332026724766,0.6015346890524214
