X Change (mm),Y Change (mm),Z Change (mm),Roll Change (deg),Pitch Change (deg),Yaw Change (deg)
-0.7726685331854428,-0.7146876150353343,0.4066091760706847,-0.3746998963052448,-1.31427236303535,0.1954028724478789
