X Change (mm),Y Change (mm),Z Change (mm),Roll Change (deg),Pitch Change (deg),Yaw Change (deg)
-0.07003649561649805,0.2528157489861491,-0.2894315399584346,-0.23861296078403882,-0.168057320775425,-0.32251339529175027
