X Change (mm),Y Change (mm),Z Change (mm),Roll Change (deg),Pitch Change (deg),Yaw Change (deg)
0.26771411506027354,0.516190649027721,0.3323424774450813,0.2192376623111585,-0.21136206867514318,0.1361297858848971
