X Change (mm),Y Change (mm),Z Change (mm),Roll Change (deg),Pitch Change (deg),Yaw Change (deg)
-0.8045214623356368,-0.2971887222339846,-0.2790874884710315,-0.060604910935040834,-0.09165803207970669,-0.087573947493361
