X Change (mm),Y Change (mm),Z Change (mm),Roll Change (deg),Pitch Change (deg),Yaw Change (deg)
0.5036274515273432,0.6995313796957232,0.5247714701483375,-0.5410048367994307,0.013415867159423556,-0.2831487041708911
