X Change (mm),Y Change (mm),Z Change (mm),Roll Change (deg),Pitch Change (deg),Yaw Change (deg)
-0.6835286069337709,-0.05421922780473154,-0.04641086135592576,0.015716570368141447,-0.23656969815285578,-0.22651135022407942
