X Change (mm),Y Change (mm),Z Change (mm),Roll Change (deg),Pitch Change (deg),Yaw Change (deg)
0.09816819424381196,-0.06393410113695053,-0.04561541848188411,0.07964035379936263,-0.03348461647316725,0.19038963990895041
