X Change (mm),Y Change (mm),Z Change (mm),Roll Change (deg),Pitch Change (deg),Yaw Change (deg)
-0.481416361152637,-0.14329266075755842,-0.0008692196331094859,0.052092462775434,0.09865844699135806,0.2716336076662458
