X Change (mm),Y Change (mm),Z Change (mm),Roll Change (deg),Pitch Change (deg),Yaw Change (deg)
-0.2039065225662835,-0.20323383545271723,-0.5948239971749085,0.2135119290056764,-0.034362915750030254,0.21953463136804885
