X Change (mm),Y Change (mm),Z Change (mm),Roll Change (deg),Pitch Change (deg),Yaw Change (deg)
4.5431532245893695,-4.801817392347459,3.6289896195305786,0.31069266474398205,-1.9618713228682978,1.7026399136774302
