X Change (mm),Y Change (mm),Z Change (mm),Roll Change (deg),Pitch Change (deg),Yaw Change (deg)
-0.432697077681534,-0.357180161892924,0.061178351495722816,0.035623074808682986,-0.05560799642368863,0.014675861702841075
