X Change (mm),Y Change (mm),Z Change (mm),Roll Change (deg),Pitch Change (deg),Yaw Change (deg)
1.1060110556807528,1.826999790466509,1.2483182400496013,-0.38885209904925944,-0.8635599052787484,-0.28988813948753034
