X (mm),Y (mm),Z (mm),Roll (deg),Pitch (deg),Yaw (deg)
2.8968605981775024,5.650222646044873,1.3699765100190757,-4.781669462692008,-1.427438224580598,-3.5315477379450897
