X (mm),Y (mm),Z (mm),Roll (deg),Pitch (deg),Yaw (deg)
-0.9015394729993672,1.2585956733020727,0.9792414763032163,-1.2536079671627078,0.461496101351365,-1.3416578681153268
