X (mm),Y (mm),Z (mm),Roll (deg),Pitch (deg),Yaw (deg)
-1.2307006327671166,0.994775402805793,0.9892800076914239,-0.9760912582038657,0.44486796774550186,-1.245353734084901
