X (mm),Y (mm),Z (mm),Roll (deg),Pitch (deg),Yaw (deg)
-2.2181498137524036,1.7078303294945925,-1.4434565523817626,-3.7519188115202837,3.5842890604564275,-3.315246612580907
