X (mm),Y (mm),Z (mm),Roll (deg),Pitch (deg),Yaw (deg)
0.053464520822867345,4.010344054760753,0.8477809034409025,-1.7270107185469215,-0.3104223418979757,-1.8001933178907734
