X (mm),Y (mm),Z (mm),Roll (deg),Pitch (deg),Yaw (deg)
-2.2848241903625826,0.2915393236595911,-0.44076126387653125,-2.622402459256847,1.427054050365804,-3.0225520446074796
