X (mm),Y (mm),Z (mm),Roll (deg),Pitch (deg),Yaw (deg)
-1.1168615396657329,0.5979401035836043,1.0062240922497303,-0.4543863268052206,-0.04497345793198804,-0.6593360517387978
