X (mm),Y (mm),Z (mm),Roll (deg),Pitch (deg),Yaw (deg)
-4.343119506659899,-1.781143064592542,-0.9160641883002447,-2.2481613501322215,2.0891347909095117,-3.478838058416457
