X (mm),Y (mm),Z (mm),Roll (deg),Pitch (deg),Yaw (deg)
-0.15235746375402293,2.078130392401754,1.103641676751024,-0.20870731181592816,-0.6686928264324621,-0.8292796623424934
