X (mm),Y (mm),Z (mm),Roll (deg),Pitch (deg),Yaw (deg)
8.525945296734157,28.0356616958129,3.2279873132033314,-9.78326285800432,2.4573850510105757,-5.732251885167486
