X (mm),Y (mm),Z (mm),Roll (deg),Pitch (deg),Yaw (deg)
-1.4951338293092342,2.0445208000132973,0.7502140913172991,-0.8403616211080873,0.4273454046485057,-0.7106014862835153
