X (mm),Y (mm),Z (mm),Roll (deg),Pitch (deg),Yaw (deg)
0.2762406601030718,2.489750024375315,-1.1219326243997376,-3.9878780551343596,0.22983520856200101,-2.901984642958105
