X (mm),Y (mm),Z (mm),Roll (deg),Pitch (deg),Yaw (deg)
-0.3226853359381965,4.316792413922599,1.4706047046194755,-2.1248484972443293,0.32226644352319056,-2.0104779974707014
