X (mm),Y (mm),Z (mm),Roll (deg),Pitch (deg),Yaw (deg)
4.755612157964453,57.39783400192308,-10.319950414482069,-13.930307662193528,10.744573346414228,-15.626257196872977
