X (mm),Y (mm),Z (mm),Roll (deg),Pitch (deg),Yaw (deg)
7.8178543970157675,27.21228877483438,4.158446815750978,-9.531568363990317,2.0561110900141415,-5.1801777566728475
