X (mm),Y (mm),Z (mm),Roll (deg),Pitch (deg),Yaw (deg)
-2.441197816569483,0.832746877016265,0.3250277664654098,-0.801106045907801,0.6022847202467432,-1.1425618410229887
