X (mm),Y (mm),Z (mm),Roll (deg),Pitch (deg),Yaw (deg)
-0.7631368858604198,1.5047257608463807,0.5660614288038431,-0.5713540439648028,-0.18837342411507763,-0.33581330650081753
