X (mm),Y (mm),Z (mm),Roll (deg),Pitch (deg),Yaw (deg)
1.6261926711065062,7.054949928229682,2.8395283320893663,-6.50915182418629,0.4176571284639792,-4.350513419682478
