X (mm),Y (mm),Z (mm),Roll (deg),Pitch (deg),Yaw (deg)
-1.3179053236341693,0.7270580010281916,0.5213111380585834,-0.30740149823432716,-0.42461695695270407,-0.7523034971366229
