X (mm),Y (mm),Z (mm),Roll (deg),Pitch (deg),Yaw (deg)
0.6061786624051657,1.8099424505905066,0.9654434678493395,0.22543374159475604,0.19203599957749162,-0.507479142136674
