X (mm),Y (mm),Z (mm),Roll (deg),Pitch (deg),Yaw (deg)
1.5118662446000475,0.14464400333698035,2.050314940750517,-0.16742982221408909,0.5507285677528841,0.43228947592884026
