X (mm),Y (mm),Z (mm),Roll (deg),Pitch (deg),Yaw (deg)
-1.1035011941848158,-1.2556230219424707,0.9576410976494434,-0.835226993750581,2.614435001185818,-2.402342820363991
