X (mm),Y (mm),Z (mm),Roll (deg),Pitch (deg),Yaw (deg)
7.364057352404928,22.667801134858017,6.744626873918461,-9.94067517746224,0.15790916077069284,-4.514817856139018
