X (mm),Y (mm),Z (mm),Roll (deg),Pitch (deg),Yaw (deg)
-0.9430569057422129,2.0280868563873033,-0.24102783362286107,-3.6863860246131424,3.319807847373575,-3.5549170211428134
