X (mm),Y (mm),Z (mm),Roll (deg),Pitch (deg),Yaw (deg)
5.746277298419836,13.356732735539147,8.221174333230115,-10.368474158067244,2.0392390428556055,-6.677927373612981
