X (mm),Y (mm),Z (mm),Roll (deg),Pitch (deg),Yaw (deg)
-1.0424039640558034,1.3596042806702489,0.1137831509477959,0.15678955736048295,0.1804400582558756,-0.27088287738125416
