X (mm),Y (mm),Z (mm),Roll (deg),Pitch (deg),Yaw (deg)
0.3278133976949853,2.91352849676339,2.4912953601378565,-1.2816743214080049,0.2079154230755833,-1.3548289894653607
