X (mm),Y (mm),Z (mm),Roll (deg),Pitch (deg),Yaw (deg)
-0.6043666004912795,0.8553024978651531,1.0821003430067264,-0.7061094451212426,0.5339457374983922,-0.6613574058270189
