X (mm),Y (mm),Z (mm),Roll (deg),Pitch (deg),Yaw (deg)
-0.17731838147779055,1.9634584734894873,1.6073918085862369,-1.217849886032198,0.14613446787456752,-1.6307276515122382
