X (mm),Y (mm),Z (mm),Roll (deg),Pitch (deg),Yaw (deg)
8.408986957012669,43.47718949017764,-3.5879647886236006,-12.756768993385606,7.28576360873469,-9.822091786586128
