X (mm),Y (mm),Z (mm),Roll (deg),Pitch (deg),Yaw (deg)
-1.282964045246695,-0.4084691060520649,-0.7698763363851977,-0.6535083680371656,-0.17649678500757915,-1.638485482894822
