X (mm),Y (mm),Z (mm),Roll (deg),Pitch (deg),Yaw (deg)
7.069991136301534,34.57619662694309,0.14949182020339097,-12.65892749489332,4.226757903248483,-7.276657207136445
