X (mm),Y (mm),Z (mm),Roll (deg),Pitch (deg),Yaw (deg)
0.037032892864749756,1.7729507644927875,1.2380714238981718,-1.3737566013121238,0.6771196656762513,-1.3215414183381071
