X (mm),Y (mm),Z (mm),Roll (deg),Pitch (deg),Yaw (deg)
0.42511867969899586,2.435021860084596,2.23308998115804,-1.1696368869436213,0.2523959569135954,-1.431710963329067
