X (mm),Y (mm),Z (mm),Roll (deg),Pitch (deg),Yaw (deg)
7.045185863830325,26.497601159799046,4.565055991821663,-9.906268260295562,0.7418387269787914,-4.984774884224969
