X (mm),Y (mm),Z (mm),Roll (deg),Pitch (deg),Yaw (deg)
1.360424111528763,0.40033663328596036,2.260565133416036,-0.6984498789366853,0.4133671438538826,-0.06606614589122728
