X (mm),Y (mm),Z (mm),Roll (deg),Pitch (deg),Yaw (deg)
-1.7515441935306018,1.2505515860711043,0.7660265152825331,-1.0672834655616867,0.46701216050016825,-1.261863344555266
