X (mm),Y (mm),Z (mm),Roll (deg),Pitch (deg),Yaw (deg)
-13.613698317485799,79.01305152368734,-26.215955233848614,-21.33640785729169,13.477879712849443,-26.873942072826274
