X (mm),Y (mm),Z (mm),Roll (deg),Pitch (deg),Yaw (deg)
-1.6192248696123315,1.1232920282264338,1.3828177573622478,-0.5931104989239628,0.4009658860865102,-0.4308752038642538
