X (mm),Y (mm),Z (mm),Roll (deg),Pitch (deg),Yaw (deg)
5.333643408933244,15.582767966790756,9.05540024500259,-9.598851701839223,1.1127584159616575,-5.624626676027788
