X (mm),Y (mm),Z (mm),Roll (deg),Pitch (deg),Yaw (deg)
-0.06260905394079785,1.4542014860045311,0.0689787056483313,0.34959573944124145,0.12131156648604247,-0.2533548006594444
