X (mm),Y (mm),Z (mm),Roll (deg),Pitch (deg),Yaw (deg)
-0.6748050783255801,1.1767069259868919,0.677819060329774,0.0005076674051593955,-0.6067983722546586,-0.6608108321183082
